{
    "name": "root",
    "metadata": {
        "timer_format_version": "0.1.0",
        "start_time_seconds": "1784187586",
        "python_version": "3.10.12 (main, Jul  5 2023, 18:54:27) [GCC 11.2.0]",
        "command_line_arguments": "/home/igor/anaconda3/envs/mlagents/bin/mlagents-learn --run-id=RobotTraining_01 --force",
        "mlagents_version": "1.1.0",
        "mlagents_envs_version": "1.1.0",
        "communication_protocol_version": "1.5.0",
        "pytorch_version": "2.2.1+cu121",
        "numpy_version": "1.23.5",
        "end_time_seconds": "1784187685"
    },
    "total": 99.67212015800033,
    "count": 1,
    "self": 0.003745688001799863,
    "children": {
        "run_training.setup": {
            "total": 0.010081180998895434,
            "count": 1,
            "self": 0.010081180998895434
        },
        "TrainerController.start_learning": {
            "total": 99.65829328899963,
            "count": 1,
            "self": 0.01421356200989976,
            "children": {
                "TrainerController._reset_env": {
                    "total": 7.7843893529989145,
                    "count": 1,
                    "self": 7.7843893529989145
                },
                "TrainerController.advance": {
                    "total": 91.79038297499028,
                    "count": 986,
                    "self": 0.014892923027218785,
                    "children": {
                        "env_step": {
                            "total": 90.25812393097476,
                            "count": 986,
                            "self": 87.6973389459672,
                            "children": {
                                "SubprocessEnvManager._take_step": {
                                    "total": 2.551165580012821,
                                    "count": 986,
                                    "self": 0.044022727986885,
                                    "children": {
                                        "TorchPolicy.evaluate": {
                                            "total": 2.507142852025936,
                                            "count": 981,
                                            "self": 2.507142852025936
                                        }
                                    }
                                },
                                "workers": {
                                    "total": 0.009619404994737124,
                                    "count": 985,
                                    "self": 0.0,
                                    "children": {
                                        "worker_root": {
                                            "total": 39.38888727799349,
                                            "count": 985,
                                            "is_parallel": true,
                                            "self": 12.814015035997727,
                                            "children": {
                                                "run_training.setup": {
                                                    "total": 0.0,
                                                    "count": 0,
                                                    "is_parallel": true,
                                                    "self": 0.0,
                                                    "children": {
                                                        "steps_from_proto": {
                                                            "total": 0.0008187870007532183,
                                                            "count": 1,
                                                            "is_parallel": true,
                                                            "self": 0.00037488499947357923,
                                                            "children": {
                                                                "_process_rank_one_or_two_observation": {
                                                                    "total": 0.0004439020012796391,
                                                                    "count": 2,
                                                                    "is_parallel": true,
                                                                    "self": 0.0004439020012796391
                                                                }
                                                            }
                                                        },
                                                        "UnityEnvironment.step": {
                                                            "total": 0.036601154000891256,
                                                            "count": 1,
                                                            "is_parallel": true,
                                                            "self": 0.00016333699932147283,
                                                            "children": {
                                                                "UnityEnvironment._generate_step_input": {
                                                                    "total": 0.00033205500039912295,
                                                                    "count": 1,
                                                                    "is_parallel": true,
                                                                    "self": 0.00033205500039912295
                                                                },
                                                                "communicator.exchange": {
                                                                    "total": 0.03579378600079508,
                                                                    "count": 1,
                                                                    "is_parallel": true,
                                                                    "self": 0.03579378600079508
                                                                },
                                                                "steps_from_proto": {
                                                                    "total": 0.00031197600037558004,
                                                                    "count": 1,
                                                                    "is_parallel": true,
                                                                    "self": 0.00012697400052275043,
                                                                    "children": {
                                                                        "_process_rank_one_or_two_observation": {
                                                                            "total": 0.0001850019998528296,
                                                                            "count": 2,
                                                                            "is_parallel": true,
                                                                            "self": 0.0001850019998528296
                                                                        }
                                                                    }
                                                                }
                                                            }
                                                        }
                                                    }
                                                },
                                                "UnityEnvironment.step": {
                                                    "total": 26.574872241995763,
                                                    "count": 984,
                                                    "is_parallel": true,
                                                    "self": 0.11168356206690078,