{"count":1,"self":127.6654464,"total":155.546914,"children":{"InitializeActuators":{"count":32,"self":0.002058,"total":0.002058,"children":null},"InitializeSensors":{"count":32,"self":0.0018989999999999999,"total":0.0018989999999999999,"children":null},"AgentSendState":{"count":11934,"self":0.13624799999999998,"total":0.80045199999999994,"children":{"CollectObservations":{"count":76384,"self":0.10613399999999999,"total":0.10613399999999999,"children":null},"WriteActionMask":{"count":76384,"self":0.026244,"total":0.026244,"children":null},"RequestDecision":{"count":76384,"self":0.112636,"total":0.531826,"children":{"AgentInfo.ToProto":{"count":76384,"self":0.086035,"total":0.41919,"children":{"GenerateSensorData":{"count":76384,"self":0.333155,"total":0.333155,"children":null}}}}}}},"DecideAction":{"count":11934,"self":26.4412144,"total":26.441214,"children":null},"AgentAct":{"count":11934,"self":0.63391999999999993,"total":0.633983,"children":{"AgentInfo.ToProto":{"count":6,"self":1.9999999999999998E-05,"total":6.3E-05,"children":{"GenerateSensorData":{"count":6,"self":4.2999999999999995E-05,"total":4.2999999999999995E-05,"children":null}}}}},"AgentInfo.ToProto":{"count":69,"self":0.00041,"total":0.001201,"children":{"GenerateSensorData":{"count":69,"self":0.00079099999999999993,"total":0.00079099999999999993,"children":null}}}},"gauges":{"GFSX_Brain.CumulativeReward":{"count":75,"max":22.5130215,"min":-41.2543,"runningAverage":-3.07888174,"value":-2.22427559,"weightedAverage":-6.26611137}},"metadata":{"timer_format_version":"0.1.0","start_time_seconds":"1784187796","unity_version":"6000.5.3f1","command_line_arguments":"\/home\/igor\/Unity\/Hub\/Editor\/6000.5.3f1\/Editor\/Unity -projectpath \/home\/igor\/YandexCamp_Robotics -acceptSoftwareTermsForThisRunOnly -force-vulkan -useHub -hubIPC -cloudEnvironment production","communication_protocol_version":"1.5.0","com.unity.ml-agents_version":"4.0.3","scene_name":"Polygon","end_time_seconds":"1784187951"}}