{"count":1,"self":37.9567712,"total":38.0616966,"children":{"InitializeActuators":{"count":20,"self":0.0015754999999999999,"total":0.0015754999999999999,"children":null},"InitializeSensors":{"count":20,"self":0.0017388999999999998,"total":0.0017388999999999998,"children":null},"AgentSendState":{"count":508,"self":0.0036314999999999997,"total":0.0304352,"children":{"CollectObservations":{"count":2040,"self":0.020502199999999998,"total":0.020502199999999998,"children":null},"WriteActionMask":{"count":2040,"self":0,"total":0,"children":null},"RequestDecision":{"count":2040,"self":0.0063015,"total":0.0063015,"children":null}}},"DecideAction":{"count":508,"self":0.011987399999999999,"total":0.011987399999999999,"children":null},"AgentAct":{"count":508,"self":0.059188399999999995,"total":0.059188399999999995,"children":null}},"gauges":{"GFSX_Brain.CumulativeReward":{"count":1,"max":1.82483387,"min":1.82483387,"runningAverage":1.82483387,"value":1.82483387,"weightedAverage":1.82483387}},"metadata":{"timer_format_version":"0.1.0","start_time_seconds":"1784553454","unity_version":"6000.5.3f1","command_line_arguments":"C:\\Program Files\\Unity\\Hub\\Editor\\6000.5.3f1\\Editor\\Unity.exe -projectpath C:\\Users\\lesha\\PROJECTS\\Puhosos2 -acceptSoftwareTermsForThisRunOnly -useHub -hubIPC -cloudEnvironment production","communication_protocol_version":"1.5.0","com.unity.ml-agents_version":"4.0.3","scene_name":"Polygon","end_time_seconds":"1784553492"}}