{"count":1,"self":7.1567368,"total":29.671901,"children":{"InitializeActuators":{"count":20,"self":0.003895,"total":0.003895,"children":null},"InitializeSensors":{"count":20,"self":0.0044389999999999994,"total":0.0044389999999999994,"children":null},"AgentSendState":{"count":2867,"self":0.053447999999999996,"total":0.389994,"children":{"CollectObservations":{"count":11480,"self":0.053117,"total":0.053117,"children":null},"WriteActionMask":{"count":11480,"self":0.0099849999999999991,"total":0.0099849999999999991,"children":null},"RequestDecision":{"count":11480,"self":0.028679999999999997,"total":0.27344399999999996,"children":{"AgentInfo.ToProto":{"count":11480,"self":0.068247,"total":0.24476399999999998,"children":{"GenerateSensorData":{"count":11480,"self":0.17651699999999998,"total":0.17651699999999998,"children":null}}}}}}},"DecideAction":{"count":2867,"self":21.823214399999998,"total":21.823214999999998,"children":null},"AgentAct":{"count":2867,"self":0.28707699999999997,"total":0.28707699999999997,"children":null}},"gauges":{},"metadata":{"timer_format_version":"0.1.0","start_time_seconds":"1784556501","unity_version":"6000.5.3f1","command_line_arguments":"\/home\/kirillnotfound\/unity_projects\/Puhosos\/all_builds\/build6\/build6.x86_64 -nographics -batchmode --mlagents-port 5008 -logFile \/home\/kirillnotfound\/unity_projects\/Puhosos\/results\/ppo\/run_logs\/Player-3.log","communication_protocol_version":"1.5.0","com.unity.ml-agents_version":"4.0.3","scene_name":"Polygon","end_time_seconds":"1784556531"}}ects\/Puhosos\/results\/ppo\/run_logs\/Player-0.log","communication_protocol_version":"1.5.0","com.unity.ml-agents_version":"4.0.3","scene_name":"Polygon","end_time_seconds":"1784556531"}}econds":"1784556531"}}4556531"}}